"Handle","Title","Body (HTML)","Vendor","Type","Product Category","Published","Option1 Name","Option1 Value","Option2 Name","Option2 Value","Variant SKU","Variant Price","Variant Inventory Tracker","Variant Inventory Policy","Variant Fulfillment Service","Variant Inventory Qty","Variant Grams","Variant Image","Image Src","Metafield: custom.product_type_standard [single_line_text_field]","Metafield: custom.product_type_detail [single_line_text_field]","Metafield: custom.style [single_line_text_field]","Metafield: custom.material [single_line_text_field]","Metafield: custom.fit_type [single_line_text_field]","Metafield: custom.colour_family [single_line_text_field]"
"the-wide-band-bikini-top-black-white-crochet","The crochet wide band bikini top","<p data-start=""97"" data-end=""325"">The bikini top of the season. Our crochet wide band bikini top features double-layered fabric and a stylish wide band cut for the ultimate flattering fit. It’s a fresh, feminine piece with a touch of effortless beach club charm.</p> <p data-start=""327"" data-end=""557"">With its delicate crochet detailing and flattering silhouette, this bikini is made to turn heads whether you’re lounging poolside or soaking up the sun. It’s the staple piece you’ll be reaching for again and again all summer long.</p> <ul> <li>Thick double layered quality lycra</li> <li><span style=""text-align: right;"">Stretchy fabric, slip on style</span></li> <li><span style=""text-align: right;"">Bow style design, ruched strap detail</span></li> <li><span style=""text-align: right;"">Wide band straps for that ultra flattering fit</span></li> <li><span style=""text-align: right;"">Pair with our matching wide band bikini bottoms</span></li> </ul> <p><br></p> <p><span style=""text-decoration: underline;""><strong><br>Model measurements:</strong></span></p> <p>Holly is 5’5 and wears a size 4<br>Bust: 32A<br>Waist: 23’’<br>Hips: 34’’<br>Dress size: 4-6</p>","Koko Bay","Top","Apparel & Accessories > Clothing > Swimwear > Swimwear Tops","TRUE","Size","4","Color","Crochet","CROCHET-WIDE-BIK-CRO-4-1","26.00","shopify","deny","manual","20","105","https://cdn.shopify.com/s/files/1/0064/3828/9461/files/50E96DD3-F624-4622-A3C6-03755B7AD692.jpg?v=1754699974","https://cdn.shopify.com/s/files/1/0064/3828/9461/files/50E96DD3-F624-4622-A3C6-03755B7AD692.jpg?v=1754699974","Top","","","","",""
"the-wide-band-bikini-top-black-white-crochet","","","","","","","Size","6","Color","Crochet","CROCHET-WIDE-BIK-CRO-6-1","26.00","shopify","deny","manual","32","105","https://cdn.shopify.com/s/files/1/0064/3828/9461/files/50E96DD3-F624-4622-A3C6-03755B7AD692.jpg?v=1754699974","","Top","","","","",""
"the-wide-band-bikini-top-black-white-crochet","","","","","","","Size","8","Color","Crochet","CROCHET-WIDE-BIK-CRO-8-1","26.00","shopify","deny","manual","27","105","https://cdn.shopify.com/s/files/1/0064/3828/9461/files/50E96DD3-F624-4622-A3C6-03755B7AD692.jpg?v=1754699974","","Top","","","","",""
"the-wide-band-bikini-top-black-white-crochet","","","","","","","Size","10","Color","Crochet","CROCHET-WIDE-BIK-CRO-10-1","26.00","shopify","deny","manual","40","105","https://cdn.shopify.com/s/files/1/0064/3828/9461/files/50E96DD3-F624-4622-A3C6-03755B7AD692.jpg?v=1754699974","","Top","","","","",""
"the-wide-band-bikini-top-black-white-crochet","","","","","","","Size","12","Color","Crochet","CROCHET-WIDE-BIK-CRO-12-1","26.00","shopify","deny","manual","10","105","https://cdn.shopify.com/s/files/1/0064/3828/9461/files/50E96DD3-F624-4622-A3C6-03755B7AD692.jpg?v=1754699974","","Top","","","","",""
"the-wide-band-bikini-top-black-white-crochet","","","","","","","Size","14","Color","Crochet","CROCHET-WIDE-BIK-CRO-14-1","26.00","shopify","deny","manual","8","105","https://cdn.shopify.com/s/files/1/0064/3828/9461/files/50E96DD3-F624-4622-A3C6-03755B7AD692.jpg?v=1754699974","","Top","","","","",""
"the-wide-band-bikini-top-black-white-crochet","","","","","","","Size","16","Color","Crochet","CROCHET-WIDE-BIK-CRO-16-1","26.00","shopify","deny","manual","0","105","https://cdn.shopify.com/s/files/1/0064/3828/9461/files/50E96DD3-F624-4622-A3C6-03755B7AD692.jpg?v=1754699974","","Top","","","","",""
"the-wide-band-bikini-top-black-white-crochet","","","","","","","","","","","","","","","","","","","https://cdn.shopify.com/s/files/1/0064/3828/9461/files/04D27415-279F-47B7-809F-43D4A37BE136.jpg?v=1754699869","","","","","",""
"the-wide-band-bikini-top-black-white-crochet","","","","","","","","","","","","","","","","","","","https://cdn.shopify.com/s/files/1/0064/3828/9461/files/93E0B439-E088-43D3-9CBB-6318BE090BDC.jpg?v=1754699827","","","","","",""
"the-wide-band-bikini-top-black-white-crochet","","","","","","","","","","","","","","","","","","","https://cdn.shopify.com/s/files/1/0064/3828/9461/files/5CAA3141-13E6-42CC-8619-63A4B3B982A6.jpg?v=1754699847","","","","","",""
"the-wide-band-bikini-top-black-white-crochet","","","","","","","","","","","","","","","","","","","https://cdn.shopify.com/s/files/1/0064/3828/9461/files/74725FCD-CE34-4A32-B4C4-5DD43323D514.jpg?v=1754699890","","","","","",""
"the-wide-band-bikini-top-black-white-crochet","","","","","","","","","","","","","","","","","","","https://cdn.shopify.com/s/files/1/0064/3828/9461/files/49397219-1504-4B06-8235-6225B20655E4.jpg?v=1754699912","","","","","",""
"the-wide-band-bikini-top-black-white-crochet","","","","","","","","","","","","","","","","","","","https://cdn.shopify.com/s/files/1/0064/3828/9461/files/1C466B89-6ED5-44D8-A4F8-0DDA25F24D00.jpg?v=1754699932","","","","","",""
"the-wide-band-bikini-top-black-white-crochet","","","","","","","","","","","","","","","","","","","https://cdn.shopify.com/s/files/1/0064/3828/9461/files/386D24E3-0770-4B61-891D-53EA8D38C050.jpg?v=1754699954","","","","","",""
"wide-band-bikini-bottoms-black-white","The wide band bikini bottoms","<p>The bikini of the season. Turn heads this summer in our wide band bikini set - the ultimate flattering fit. Featuring double layered fabric in a stylish wide band cut designed to sit on your hips at the perfect height, this is the staple swim you’ll be reaching for again and again.</p> <ul> <li>Thick double layered quality lycra</li> <li><span style=""text-align: right;"">Stretchy fabric, slip on style</span></li> <li><span style=""text-align: right;"">Wide band straps for that ultra flattering fit</span></li> <li><span style=""text-align: right;"">Pair with our matching wide band bikini top</span></li> <li>Please take care as colour may transfer</li> </ul> <p><span style=""text-decoration: underline;""><strong>Model measurements:</strong></span></p> <p>Holly is 5’5 and wears a size 4<br>Bust: 32A<br>Waist: 23’’<br>Hips: 34’’<br>Dress size: 4-6</p>","Koko Bay","Bottom","Apparel & Accessories > Clothing > Swimwear > Swim Briefs","TRUE","Size","4","Color","White","WIDE-BAND-BIK-WHT-4","20.00","shopify","deny","manual","21","1010","https://cdn.shopify.com/s/files/1/0064/3828/9461/files/C5E9456A-DE29-483F-8DFC-594628107A8B.jpg?v=1754686282","https://cdn.shopify.com/s/files/1/0064/3828/9461/files/C5E9456A-DE29-483F-8DFC-594628107A8B.jpg?v=1754686282","Bottom","","","","",""
"wide-band-bikini-bottoms-black-white","","","","","","","Size","6","Color","White","WIDE-BAND-BIK-WHT-6","20.00","shopify","deny","manual","14","1010","https://cdn.shopify.com/s/files/1/0064/3828/9461/files/C5E9456A-DE29-483F-8DFC-594628107A8B.jpg?v=1754686282","","Bottom","","","","",""
"wide-band-bikini-bottoms-black-white","","","","","","","Size","8","Color","White","WIDE-BAND-BIK-WHT-8","20.00","shopify","deny","manual","9","1010","https://cdn.shopify.com/s/files/1/0064/3828/9461/files/C5E9456A-DE29-483F-8DFC-594628107A8B.jpg?v=1754686282","","Bottom","","","","",""
"wide-band-bikini-bottoms-black-white","","","","","","","Size","10","Color","White","WIDE-BAND-BIK-WHT-10","20.00","shopify","deny","manual","15","1010","https://cdn.shopify.com/s/files/1/0064/3828/9461/files/C5E9456A-DE29-483F-8DFC-594628107A8B.jpg?v=1754686282","","Bottom","","","","",""
"wide-band-bikini-bottoms-black-white","","","","","","","Size","12","Color","White","WIDE-BAND-BIK-WHT-12","20.00","shopify","deny","manual","7","1010","https://cdn.shopify.com/s/files/1/0064/3828/9461/files/C5E9456A-DE29-483F-8DFC-594628107A8B.jpg?v=1754686282","","Bottom","","","","",""
"wide-band-bikini-bottoms-black-white","","","","","","","Size","14","Color","White","WIDE-BAND-BIK-WHT-14","20.00","shopify","deny","manual","4","1010","https://cdn.shopify.com/s/files/1/0064/3828/9461/files/C5E9456A-DE29-483F-8DFC-594628107A8B.jpg?v=1754686282","","Bottom","","","","",""
"wide-band-bikini-bottoms-black-white","","","","","","","Size","16","Color","White","WIDE-BAND-BIK-WHT-16","20.00","shopify","deny","manual","10","1010","https://cdn.shopify.com/s/files/1/0064/3828/9461/files/C5E9456A-DE29-483F-8DFC-594628107A8B.jpg?v=1754686282","","Bottom","","","","",""
"wide-band-bikini-bottoms-black-white","","","","","","","","","","","","","","","","","","","https://cdn.shopify.com/s/files/1/0064/3828/9461/files/562C7466-72FA-46EA-93A9-D8D18B8C5B76.jpg?v=1754686437","","","","","",""
"wide-band-bikini-bottoms-black-white","","","","","","","","","","","","","","","","","","","https://cdn.shopify.com/s/files/1/0064/3828/9461/files/4F5F9EFF-FF75-46E6-ACA1-071B45924648.jpg?v=1754686308","","","","","",""
"wide-band-bikini-bottoms-black-white","","","","","","","","","","","","","","","","","","","https://cdn.shopify.com/s/files/1/0064/3828/9461/files/B0D4B324-8FE7-4211-8868-0C7C4B534B92.jpg?v=1754686387","","","","","",""
"wide-band-bikini-bottoms-black-white","","","","","","","","","","","","","","","","","","","https://cdn.shopify.com/s/files/1/0064/3828/9461/files/175224BC-52B4-427E-A9C4-40C75FBC8EEB.jpg?v=1754686336","","","","","",""
"wide-band-bikini-bottoms-black-white","","","","","","","","","","","","","","","","","","","https://cdn.shopify.com/s/files/1/0064/3828/9461/files/406D2FE2-A607-473B-98EC-6A7DC2FE4954.jpg?v=1754686358","","","","","",""
"wide-band-bikini-bottoms-black-white","","","","","","","","","","","","","","","","","","","https://cdn.shopify.com/s/files/1/0064/3828/9461/files/32916187-73FC-456B-8FA1-108673051FC7.jpg?v=1754686411","","","","","",""
"wide-band-bikini-bottoms-lemon","The wide band bikini bottoms","<p>Meet Soleil, a collection of core pieces that will be a staple to your wardrobe that you can rewear and restyle all season. Drawing inspiration from the amalfi coast and summer days spent under the sun… she’s limited to make sure you’re one of a kind.</p> <p> </p> <ul> <li>Thick double layered quality lycra</li> <li><span style=""text-align: right;"">Stretchy fabric, slip on style</span></li> <li><span style=""text-align: right;"">Wide band straps for that ultra flattering fit</span></li> <li><span style=""text-align: right;"">Pair with our matching wide band bikini top</span></li> </ul> <p><span>If in-between sizes we recommend to size up as this item is small fitting.</span></p> <p>Model is 5’6 and wears a size 6</p>","Koko Bay","Bottom","Apparel & Accessories > Clothing > Swimwear > Swim Briefs","TRUE","Size","4","Color","Lemon","WIDE-BAND-BIK-LEM-4","20.00","shopify","deny","manual","28","1010","https://cdn.shopify.com/s/files/1/0064/3828/9461/files/4DBD5954-8926-4D28-A5B8-CDE870B18C1E.jpg?v=1754686632","https://cdn.shopify.com/s/files/1/0064/3828/9461/files/4DBD5954-8926-4D28-A5B8-CDE870B18C1E.jpg?v=1754686632","Bottom","","","","",""
"wide-band-bikini-bottoms-lemon","","","","","","","Size","6","Color","Lemon","WIDE-BAND-BIK-LEM-6","20.00","shopify","deny","manual","20","1010","https://cdn.shopify.com/s/files/1/0064/3828/9461/files/4DBD5954-8926-4D28-A5B8-CDE870B18C1E.jpg?v=1754686632","","Bottom","","","","",""
"wide-band-bikini-bottoms-lemon","","","","","","","Size","8","Color","Lemon","WIDE-BAND-BIK-LEM-8","20.00","shopify","deny","manual","26","1010","https://cdn.shopify.com/s/files/1/0064/3828/9461/files/4DBD5954-8926-4D28-A5B8-CDE870B18C1E.jpg?v=1754686632","","Bottom","","","","",""
"wide-band-bikini-bottoms-lemon","","","","","","","Size","10","Color","Lemon","WIDE-BAND-BIK-LEM-10","20.00","shopify","deny","manual","20","1010","https://cdn.shopify.com/s/files/1/0064/3828/9461/files/4DBD5954-8926-4D28-A5B8-CDE870B18C1E.jpg?v=1754686632","","Bottom","","","","",""
"wide-band-bikini-bottoms-lemon","","","","","","","Size","12","Color","Lemon","WIDE-BAND-BIK-LEM-12","20.00","shopify","deny","manual","11","1010","https://cdn.shopify.com/s/files/1/0064/3828/9461/files/4DBD5954-8926-4D28-A5B8-CDE870B18C1E.jpg?v=1754686632","","Bottom","","","","",""
"wide-band-bikini-bottoms-lemon","","","","","","","Size","14","Color","Lemon","WIDE-BAND-BIK-LEM-14","20.00","shopify","deny","manual","0","1010","https://cdn.shopify.com/s/files/1/0064/3828/9461/files/4DBD5954-8926-4D28-A5B8-CDE870B18C1E.jpg?v=1754686632","","Bottom","","","","",""
"wide-band-bikini-bottoms-lemon","","","","","","","Size","16","Color","Lemon","WIDE-BAND-BIK-LEM-16","20.00","shopify","deny","manual","2","1010","https://cdn.shopify.com/s/files/1/0064/3828/9461/files/4DBD5954-8926-4D28-A5B8-CDE870B18C1E.jpg?v=1754686632","","Bottom","","","","",""
"wide-band-bikini-bottoms-lemon","","","","","","","","","","","","","","","","","","","https://cdn.shopify.com/s/files/1/0064/3828/9461/files/6116439B-4574-462C-8AE3-9D2D3FA49ECB.jpg?v=1754686657","","","","","",""
"wide-band-bikini-bottoms-lemon","","","","","","","","","","","","","","","","","","","https://cdn.shopify.com/s/files/1/0064/3828/9461/files/AC43C3CA-29F5-4679-B713-10656DF9F1F2.jpg?v=1754686708","","","","","",""
"wide-band-bikini-bottoms-lemon","","","","","","","","","","","","","","","","","","","https://cdn.shopify.com/s/files/1/0064/3828/9461/files/6F203862-61E5-4312-8D34-28CB7508568D.jpg?v=1754686684","","","","","",""
"wide-band-bikini-top-lemon","The wide band bikini top","<p>Meet Soleil, a collection of core pieces that will be a staple to your wardrobe that you can rewear and restyle all season. Drawing inspiration from the amalfi coast and summer days spent under the sun… she’s limited to make sure you’re one of a kind.</p> <ul> <li>Thick double layered quality lycra</li> <li><span style=""text-align: right;"">Stretchy fabric, slip on style</span></li> <li><span style=""text-align: right;"">Wide band straps for that ultra flattering fit</span></li> <li><span style=""text-align: right;"">Pair with our matching wide band bikini bottoms</span></li> </ul> <p><span>If in-between sizes we recommend to size up as this item is small fitting.</span></p> <p>Model is 5’6 and wears a size 6</p>","Koko Bay","Top","Apparel & Accessories > Clothing > Swimwear > Swimwear Tops","TRUE","Size","4","Color","Lemon","WIDE-BAND-BIK-LEM-4-1","22.00","shopify","deny","manual","27","1010","https://cdn.shopify.com/s/files/1/0064/3828/9461/files/A4DE0447-55D5-45D8-9000-522AC35D81EC.jpg?v=1754686755","https://cdn.shopify.com/s/files/1/0064/3828/9461/files/A4DE0447-55D5-45D8-9000-522AC35D81EC.jpg?v=1754686755","Top","","","","",""
"wide-band-bikini-top-lemon","","","","","","","Size","6","Color","Lemon","WIDE-BAND-BIK-LEM-6-1","22.00","shopify","deny","manual","21","1010","https://cdn.shopify.com/s/files/1/0064/3828/9461/files/A4DE0447-55D5-45D8-9000-522AC35D81EC.jpg?v=1754686755","","Top","","","","",""
"wide-band-bikini-top-lemon","","","","","","","Size","8","Color","Lemon","WIDE-BAND-BIK-LEM-8-1","22.00","shopify","deny","manual","29","1010","https://cdn.shopify.com/s/files/1/0064/3828/9461/files/A4DE0447-55D5-45D8-9000-522AC35D81EC.jpg?v=1754686755","","Top","","","","",""
"wide-band-bikini-top-lemon","","","","","","","Size","10","Color","Lemon","WIDE-BAND-BIK-LEM-10-1","22.00","shopify","deny","manual","17","1010","https://cdn.shopify.com/s/files/1/0064/3828/9461/files/A4DE0447-55D5-45D8-9000-522AC35D81EC.jpg?v=1754686755","","Top","","","","",""
"wide-band-bikini-top-lemon","","","","","","","Size","12","Color","Lemon","WIDE-BAND-BIK-LEM-12-1","22.00","shopify","deny","manual","10","1010","https://cdn.shopify.com/s/files/1/0064/3828/9461/files/A4DE0447-55D5-45D8-9000-522AC35D81EC.jpg?v=1754686755","","Top","","","","",""
"wide-band-bikini-top-lemon","","","","","","","Size","14","Color","Lemon","WIDE-BAND-BIK-LEM-14-1","22.00","shopify","deny","manual","1","1010","https://cdn.shopify.com/s/files/1/0064/3828/9461/files/A4DE0447-55D5-45D8-9000-522AC35D81EC.jpg?v=1754686755","","Top","","","","",""
"wide-band-bikini-top-lemon","","","","","","","Size","16","Color","Lemon","WIDE-BAND-BIK-LEM-16-1","22.00","shopify","deny","manual","1","1010","https://cdn.shopify.com/s/files/1/0064/3828/9461/files/A4DE0447-55D5-45D8-9000-522AC35D81EC.jpg?v=1754686755","","Top","","","","",""
"wide-band-bikini-top-lemon","","","","","","","","","","","","","","","","","","","https://cdn.shopify.com/s/files/1/0064/3828/9461/files/53E6BDFF-1DC7-4D8B-9785-276B7EA6279B.jpg?v=1754686734","","","","","",""
"wide-band-bikini-top-lemon","","","","","","","","","","","","","","","","","","","https://cdn.shopify.com/s/files/1/0064/3828/9461/files/E0CB68F0-5951-4558-B998-0904F9885551.jpg?v=1754686807","","","","","",""
"wide-band-bikini-top-lemon","","","","","","","","","","","","","","","","","","","https://cdn.shopify.com/s/files/1/0064/3828/9461/files/319FA81B-DF6F-4503-A428-8121200AB40A.jpg?v=1754686783","","","","","",""
"wide-band-bikini-bottoms-white","The wide band bikini bottoms","<p>The bikini of the season. Turn heads this summer in our wide band bikini set - the ultimate flattering fit. Featuring double layered fabric in a stylish wide band cut designed to sit on your hips at the perfect height, this is the staple swim you’ll be reaching for again and again.</p> <ul> <li>Thick double layered quality lycra</li> <li><span style=""text-align: right;"">Stretchy fabric, slip on style</span></li> <li><span style=""text-align: right;"">Wide band straps for that ultra flattering fit</span></li> <li><span style=""text-align: right;"">Pair with our matching wide band bikini top</span></li> </ul> <p><span>If in-between sizes we recommend to size up as this item is small fitting.</span></p> <p>Model is 5’6 and wears a size 6</p>","Koko Bay","Bottom","Apparel & Accessories > Clothing > Swimwear > Swim Briefs","TRUE","Size","4","Color","White","WIDE-BAND-BIK-WHT-4-1","20.00","shopify","deny","manual","25","1010","https://cdn.shopify.com/s/files/1/0064/3828/9461/files/53543F6E-DE6D-49B8-B610-39C99BAE0522.jpg?v=1754686902","https://cdn.shopify.com/s/files/1/0064/3828/9461/files/53543F6E-DE6D-49B8-B610-39C99BAE0522.jpg?v=1754686902","Bottom","","","","",""
"wide-band-bikini-bottoms-white","","","","","","","Size","6","Color","White","WIDE-BAND-BIK-WHT-6-1","20.00","shopify","deny","manual","18","1010","https://cdn.shopify.com/s/files/1/0064/3828/9461/files/53543F6E-DE6D-49B8-B610-39C99BAE0522.jpg?v=1754686902","","Bottom","","","","",""
"wide-band-bikini-bottoms-white","","","","","","","Size","8","Color","White","WIDE-BAND-BIK-WHT-8-1","20.00","shopify","deny","manual","18","1010","https://cdn.shopify.com/s/files/1/0064/3828/9461/files/53543F6E-DE6D-49B8-B610-39C99BAE0522.jpg?v=1754686902","","Bottom","","","","",""
"wide-band-bikini-bottoms-white","","","","","","","Size","10","Color","White","WIDE-BAND-BIK-WHT-10-1","20.00","shopify","deny","manual","25","1010","https://cdn.shopify.com/s/files/1/0064/3828/9461/files/53543F6E-DE6D-49B8-B610-39C99BAE0522.jpg?v=1754686902","","Bottom","","","","",""
"wide-band-bikini-bottoms-white","","","","","","","Size","12","Color","White","WIDE-BAND-BIK-WHT-12-1","20.00","shopify","deny","manual","8","1010","https://cdn.shopify.com/s/files/1/0064/3828/9461/files/53543F6E-DE6D-49B8-B610-39C99BAE0522.jpg?v=1754686902","","Bottom","","","","",""
"wide-band-bikini-bottoms-white","","","","","","","Size","14","Color","White","WIDE-BAND-BIK-WHT-14-1","20.00","shopify","deny","manual","0","1010","https://cdn.shopify.com/s/files/1/0064/3828/9461/files/53543F6E-DE6D-49B8-B610-39C99BAE0522.jpg?v=1754686902","","Bottom","","","","",""
"wide-band-bikini-bottoms-white","","","","","","","Size","16","Color","White","WIDE-BAND-BIK-WHT-16-1","20.00","shopify","deny","manual","0","1010","https://cdn.shopify.com/s/files/1/0064/3828/9461/files/53543F6E-DE6D-49B8-B610-39C99BAE0522.jpg?v=1754686902","","Bottom","","","","",""
"wide-band-bikini-bottoms-white","","","","","","","","","","","","","","","","","","","https://cdn.shopify.com/s/files/1/0064/3828/9461/files/6B33B909-7F80-4EF7-BD6F-989F9666F595.jpg?v=1754686855","","","","","",""
"wide-band-bikini-bottoms-white","","","","","","","","","","","","","","","","","","","https://cdn.shopify.com/s/files/1/0064/3828/9461/files/48B2FB2E-EA07-4FA7-A765-4C0A127889DC.jpg?v=1754686927","","","","","",""
"wide-band-bikini-bottoms-white","","","","","","","","","","","","","","","","","","","https://cdn.shopify.com/s/files/1/0064/3828/9461/files/9DA05E1F-A8AD-4CD7-B1EC-135A276295D2.jpg?v=1754686832","","","","","",""
"wide-band-bikini-bottoms-white","","","","","","","","","","","","","","","","","","","https://cdn.shopify.com/s/files/1/0064/3828/9461/files/C5781C9C-6AEB-477E-8EF8-6DB1ECFE0C51.jpg?v=1754686878","","","","","",""
"wide-band-bikini-top-white","The wide band bikini top","<p>The bikini of the season. Turn heads this summer in our wide band bikini set - the ultimate flattering fit. Featuring double layered fabric in a stylish wide band cut designed to sit on your hips at the perfect height, this is the staple swim you’ll be reaching for again and again.</p> <ul> <li>Thick double layered quality lycra</li> <li><span style=""text-align: right;"">Stretchy fabric, slip on style</span></li> <li><span style=""text-align: right;"">Wide band straps for that ultra flattering fit</span></li> <li><span style=""text-align: right;"">Pair with our matching wide band bikini bottoms</span></li> </ul> <p><span>If in-between sizes we recommend to size up as this item is small fitting.</span></p> <p>Model is 5’6 and wears a size 6</p>","Koko Bay","Top","Apparel & Accessories > Clothing > Swimwear > Swimwear Tops","TRUE","Size","4","Color","White","WIDE-BAND-BIK-WHT-4-2","22.00","shopify","deny","manual","26","1010","https://cdn.shopify.com/s/files/1/0064/3828/9461/files/863B4655-81A7-4770-917F-E34513F96042.jpg?v=1754687045","https://cdn.shopify.com/s/files/1/0064/3828/9461/files/863B4655-81A7-4770-917F-E34513F96042.jpg?v=1754687045","Top","","","","",""
"wide-band-bikini-top-white","","","","","","","Size","6","Color","White","WIDE-BAND-BIK-WHT-6-2","22.00","shopify","deny","manual","21","1010","https://cdn.shopify.com/s/files/1/0064/3828/9461/files/863B4655-81A7-4770-917F-E34513F96042.jpg?v=1754687045","","Top","","","","",""
"wide-band-bikini-top-white","","","","","","","Size","8","Color","White","WIDE-BAND-BIK-WHT-8-2","22.00","shopify","deny","manual","19","1010","https://cdn.shopify.com/s/files/1/0064/3828/9461/files/863B4655-81A7-4770-917F-E34513F96042.jpg?v=1754687045","","Top","","","","",""
"wide-band-bikini-top-white","","","","","","","Size","10","Color","White","WIDE-BAND-BIK-WHT-10-2","22.00","shopify","deny","manual","23","1010","https://cdn.shopify.com/s/files/1/0064/3828/9461/files/863B4655-81A7-4770-917F-E34513F96042.jpg?v=1754687045","","Top","","","","",""
"wide-band-bikini-top-white","","","","","","","Size","12","Color","White","WIDE-BAND-BIK-WHT-12-2","22.00","shopify","deny","manual","4","1010","https://cdn.shopify.com/s/files/1/0064/3828/9461/files/863B4655-81A7-4770-917F-E34513F96042.jpg?v=1754687045","","Top","","","","",""
"wide-band-bikini-top-white","","","","","","","Size","14","Color","White","WIDE-BAND-BIK-WHT-14-2","22.00","shopify","deny","manual","0","1010","https://cdn.shopify.com/s/files/1/0064/3828/9461/files/863B4655-81A7-4770-917F-E34513F96042.jpg?v=1754687045","","Top","","","","",""
"wide-band-bikini-top-white","","","","","","","Size","16","Color","White","WIDE-BAND-BIK-WHT-16-2","22.00","shopify","deny","manual","3","1010","https://cdn.shopify.com/s/files/1/0064/3828/9461/files/863B4655-81A7-4770-917F-E34513F96042.jpg?v=1754687045","","Top","","","","",""
"wide-band-bikini-top-white","","","","","","","","","","","","","","","","","","","https://cdn.shopify.com/s/files/1/0064/3828/9461/files/2095ADFA-559B-4705-8DB8-4FFCDFA3F8FB.jpg?v=1754687021","","","","","",""
"wide-band-bikini-top-white","","","","","","","","","","","","","","","","","","","https://cdn.shopify.com/s/files/1/0064/3828/9461/files/97A1DA34-919B-4215-9ECA-FBCC95A55B78.jpg?v=1754686949","","","","","",""
"wide-band-bikini-top-white","","","","","","","","","","","","","","","","","","","https://cdn.shopify.com/s/files/1/0064/3828/9461/files/A0557B94-56B9-4DD7-BD6C-9DF2F5C133F6.jpg?v=1754686975","","","","","",""
"wide-band-bikini-top-white","","","","","","","","","","","","","","","","","","","https://cdn.shopify.com/s/files/1/0064/3828/9461/files/E5DA74DC-5C95-4B99-B486-A110CB4E5ADC.jpg?v=1754686996","","","","","",""
"the-wide-band-bikini-bottoms-wine","The wide band bikini bottoms","<p>The bikini of the season. Turn heads this summer in our wide band bikini set - the ultimate flattering fit. Featuring double layered fabric in a stylish wide band cut designed to sit on your hips at the perfect height, this is the staple swim you’ll be reaching for again and again.</p> <ul> <li>Thick double layered quality lycra</li> <li><span style=""text-align: right;"">Stretchy fabric, slip on style</span></li> <li><span style=""text-align: right;"">Wide band straps for that ultra flattering fit</span></li> <li><span style=""text-align: right;"">Pair with our matching wide band bikini top</span></li> </ul> <p><span style=""text-decoration: underline;""><strong>Model measurements:</strong></span></p> <p>Holly is 5’5 and wears a size 4<br>Bust: 32A<br>Waist: 23’’<br>Hips: 34’’<br>Dress size: 4-6</p>","Koko Bay","Bottom","Apparel & Accessories > Clothing > Swimwear > Swim Briefs","TRUE","Size","4","Color","Wine","WIDE-BAND-BIK-WIN-4","20.00","shopify","deny","manual","29","1010","https://cdn.shopify.com/s/files/1/0064/3828/9461/files/D046BF3D-856D-4888-A3A6-A18814733343.jpg?v=1754691946","https://cdn.shopify.com/s/files/1/0064/3828/9461/files/D046BF3D-856D-4888-A3A6-A18814733343.jpg?v=1754691946","Bottom","","","","",""
"the-wide-band-bikini-bottoms-wine","","","","","","","Size","6","Color","Wine","WIDE-BAND-BIK-WIN-6","20.00","shopify","deny","manual","16","1010","https://cdn.shopify.com/s/files/1/0064/3828/9461/files/D046BF3D-856D-4888-A3A6-A18814733343.jpg?v=1754691946","","Bottom","","","","",""
"the-wide-band-bikini-bottoms-wine","","","","","","","Size","8","Color","Wine","WIDE-BAND-BIK-WIN-8","20.00","shopify","deny","manual","27","1010","https://cdn.shopify.com/s/files/1/0064/3828/9461/files/D046BF3D-856D-4888-A3A6-A18814733343.jpg?v=1754691946","","Bottom","","","","",""
"the-wide-band-bikini-bottoms-wine","","","","","","","Size","10","Color","Wine","WIDE-BAND-BIK-WIN-10","20.00","shopify","deny","manual","25","1010","https://cdn.shopify.com/s/files/1/0064/3828/9461/files/D046BF3D-856D-4888-A3A6-A18814733343.jpg?v=1754691946","","Bottom","","","","",""
"the-wide-band-bikini-bottoms-wine","","","","","","","Size","12","Color","Wine","WIDE-BAND-BIK-WIN-12","20.00","shopify","deny","manual","3","1010","https://cdn.shopify.com/s/files/1/0064/3828/9461/files/D046BF3D-856D-4888-A3A6-A18814733343.jpg?v=1754691946","","Bottom","","","","",""
"the-wide-band-bikini-bottoms-wine","","","","","","","Size","14","Color","Wine","WIDE-BAND-BIK-WIN-14","20.00","shopify","deny","manual","5","1010","https://cdn.shopify.com/s/files/1/0064/3828/9461/files/D046BF3D-856D-4888-A3A6-A18814733343.jpg?v=1754691946","","Bottom","","","","",""
"the-wide-band-bikini-bottoms-wine","","","","","","","Size","16","Color","Wine","WIDE-BAND-BIK-WIN-16","20.00","shopify","deny","manual","11","1010","https://cdn.shopify.com/s/files/1/0064/3828/9461/files/D046BF3D-856D-4888-A3A6-A18814733343.jpg?v=1754691946","","Bottom","","","","",""
"the-wide-band-bikini-bottoms-wine","","","","","","","","","","","","","","","","","","","https://cdn.shopify.com/s/files/1/0064/3828/9461/files/D7E2FDF8-D614-41B0-9E07-CE82C1605D05.jpg?v=1754691966","","","","","",""
"the-wide-band-bikini-top-wine","The wide band bikini top","<p>The bikini of the season. Turn heads this summer in our wide band bikini set - the ultimate flattering fit. Featuring double layered fabric in a stylish wide band cut designed to sit on your hips at the perfect height, this is the staple swim you’ll be reaching for again and again.</p> <ul> <li>Thick double layered quality lycra</li> <li><span style=""text-align: right;"">Stretchy fabric, slip on style</span></li> <li><span style=""text-align: right;"">Bow style design, ruched strap detail</span></li> <li><span style=""text-align: right;"">Wide band straps for that ultra flattering fit</span></li> <li><span style=""text-align: right;"">Pair with our matching wide band bikini bottoms</span></li> </ul> <meta charset=""UTF-8""> <p><span style=""text-decoration: underline;""><strong><br>Model measurements:</strong></span></p> <p>Holly is 5’5 and wears a size 4<br>Bust: 32A<br>Waist: 23’’<br>Hips: 34’’<br>Dress size: 4-6</p>","Koko Bay","Top","Apparel & Accessories > Clothing > Swimwear > Swimwear Tops","TRUE","Size","4","Color","Wine","WIDE-BAND-BIK-WIN-4-1","22.00","shopify","deny","manual","29","1010","https://cdn.shopify.com/s/files/1/0064/3828/9461/files/1B1C5230-B92B-4582-8FD3-B7D5E1812DB1.jpg?v=1754691989","https://cdn.shopify.com/s/files/1/0064/3828/9461/files/1B1C5230-B92B-4582-8FD3-B7D5E1812DB1.jpg?v=1754691989","Top","","","","",""
"the-wide-band-bikini-top-wine","","","","","","","Size","6","Color","Wine","WIDE-BAND-BIK-WIN-6-1","22.00","shopify","deny","manual","15","1010","https://cdn.shopify.com/s/files/1/0064/3828/9461/files/1B1C5230-B92B-4582-8FD3-B7D5E1812DB1.jpg?v=1754691989","","Top","","","","",""
"the-wide-band-bikini-top-wine","","","","","","","Size","8","Color","Wine","WIDE-BAND-BIK-WIN-8-1","22.00","shopify","deny","manual","21","1010","https://cdn.shopify.com/s/files/1/0064/3828/9461/files/1B1C5230-B92B-4582-8FD3-B7D5E1812DB1.jpg?v=1754691989","","Top","","","","",""
"the-wide-band-bikini-top-wine","","","","","","","Size","10","Color","Wine","WIDE-BAND-BIK-WIN-10-1","22.00","shopify","deny","manual","25","1010","https://cdn.shopify.com/s/files/1/0064/3828/9461/files/1B1C5230-B92B-4582-8FD3-B7D5E1812DB1.jpg?v=1754691989","","Top","","","","",""
"the-wide-band-bikini-top-wine","","","","","","","Size","12","Color","Wine","WIDE-BAND-BIK-WIN-12-1","22.00","shopify","deny","manual","7","1010","https://cdn.shopify.com/s/files/1/0064/3828/9461/files/1B1C5230-B92B-4582-8FD3-B7D5E1812DB1.jpg?v=1754691989","","Top","","","","",""
"the-wide-band-bikini-top-wine","","","","","","","Size","14","Color","Wine","WIDE-BAND-BIK-WIN-14-1","22.00","shopify","deny","manual","5","1010","https://cdn.shopify.com/s/files/1/0064/3828/9461/files/1B1C5230-B92B-4582-8FD3-B7D5E1812DB1.jpg?v=1754691989","","Top","","","","",""
"the-wide-band-bikini-top-wine","","","","","","","Size","16","Color","Wine","WIDE-BAND-BIK-WIN-16-1","22.00","shopify","deny","manual","8","1010","https://cdn.shopify.com/s/files/1/0064/3828/9461/files/1B1C5230-B92B-4582-8FD3-B7D5E1812DB1.jpg?v=1754691989","","Top","","","","",""
"the-wide-band-bikini-top-wine","","","","","","","","","","","","","","","","","","","https://cdn.shopify.com/s/files/1/0064/3828/9461/files/610D5B56-644F-4CE6-A12D-B8E3FE678A4E.jpg?v=1754692013","","","","","",""
"the-wide-band-bikini-top-mocha","The wide band bikini top","<p>The bikini of the season. Turn heads this summer in our wide band bikini set - the ultimate flattering fit. Featuring double layered fabric in a stylish wide band cut designed to sit on your hips at the perfect height, this is the staple swim you’ll be reaching for again and again.</p> <ul> <li>Thick double layered quality lycra</li> <li><span style=""text-align: right;"">Stretchy fabric, slip on style</span></li> <li><span style=""text-align: right;"">Wide band straps for that ultra flattering fit</span></li> <li><span style=""text-align: right;"">Pair with our matching wide band bikini bottoms</span></li> </ul> <p><span>If in-between sizes we recommend to size up as this item is small fitting.</span></p> <p>Model is 5’6 and wears a size 6</p>","Koko Bay","Top","Apparel & Accessories > Clothing > Swimwear > Swimwear Tops","TRUE","Size","4","Color","Mocha","WIDE-BAND-BIK-MOC-4-1","22.00","shopify","deny","manual","28","1010","https://cdn.shopify.com/s/files/1/0064/3828/9461/files/F274131D-2071-48D1-84B8-A79C36C582AB.jpg?v=1754696164","https://cdn.shopify.com/s/files/1/0064/3828/9461/files/F274131D-2071-48D1-84B8-A79C36C582AB.jpg?v=1754696164","Top","","","","",""
"the-wide-band-bikini-top-mocha","","","","","","","Size","6","Color","Mocha","WIDE-BAND-BIK-MOC-6-1","22.00","shopify","deny","manual","3","1010","https://cdn.shopify.com/s/files/1/0064/3828/9461/files/F274131D-2071-48D1-84B8-A79C36C582AB.jpg?v=1754696164","","Top","","","","",""
"the-wide-band-bikini-top-mocha","","","","","","","Size","8","Color","Mocha","WIDE-BAND-BIK-MOC-8-1","22.00","shopify","deny","manual","1","1010","https://cdn.shopify.com/s/files/1/0064/3828/9461/files/F274131D-2071-48D1-84B8-A79C36C582AB.jpg?v=1754696164","","Top","","","","",""
"the-wide-band-bikini-top-mocha","","","","","","","Size","10","Color","Mocha","WIDE-BAND-BIK-MOC-10-1","22.00","shopify","deny","manual","0","1010","https://cdn.shopify.com/s/files/1/0064/3828/9461/files/F274131D-2071-48D1-84B8-A79C36C582AB.jpg?v=1754696164","","Top","","","","",""
"the-wide-band-bikini-top-mocha","","","","","","","Size","12","Color","Mocha","WIDE-BAND-BIK-MOC-12-1","22.00","shopify","deny","manual","0","1010","https://cdn.shopify.com/s/files/1/0064/3828/9461/files/F274131D-2071-48D1-84B8-A79C36C582AB.jpg?v=1754696164","","Top","","","","",""
"the-wide-band-bikini-top-mocha","","","","","","","Size","14","Color","Mocha","WIDE-BAND-BIK-MOC-14-1","22.00","shopify","deny","manual","3","1010","https://cdn.shopify.com/s/files/1/0064/3828/9461/files/F274131D-2071-48D1-84B8-A79C36C582AB.jpg?v=1754696164","","Top","","","","",""
"the-wide-band-bikini-top-mocha","","","","","","","Size","16","Color","Mocha","WIDE-BAND-BIK-MOC-16-1","22.00","shopify","deny","manual","6","1010","https://cdn.shopify.com/s/files/1/0064/3828/9461/files/F274131D-2071-48D1-84B8-A79C36C582AB.jpg?v=1754696164","","Top","","","","",""
"the-wide-band-bikini-top-mocha","","","","","","","","","","","","","","","","","","","https://cdn.shopify.com/s/files/1/0064/3828/9461/files/16BE2635-92A9-4A3D-B5B8-4D1377E0526D.jpg?v=1754696252","","","","","",""
"the-wide-band-bikini-top-mocha","","","","","","","","","","","","","","","","","","","https://cdn.shopify.com/s/files/1/0064/3828/9461/files/F02EE34C-FE59-4A3C-8E10-910285F4162A.jpg?v=1754696189","","","","","",""
"the-wide-band-bikini-top-mocha","","","","","","","","","","","","","","","","","","","https://cdn.shopify.com/s/files/1/0064/3828/9461/files/9BD49066-4F26-4FB6-8C5B-7377DCC9FF23.jpg?v=1754696231","","","","","",""
"the-wide-band-bikini-top-mocha","","","","","","","","","","","","","","","","","","","https://cdn.shopify.com/s/files/1/0064/3828/9461/files/3E1C826E-334C-45EE-BD3F-88FF1797EDFF.jpg?v=1754696213","","","","","",""
"the-wide-band-bikini-top-black","The wide band bikini top","<p>The bikini of the season. Turn heads this summer in our wide band bikini set - the ultimate flattering fit. Featuring double layered fabric in a stylish wide band cut designed to sit on your hips at the perfect height, this is the staple swim you’ll be reaching for again and again.</p> <ul> <li>Thick double layered quality lycra</li> <li><span style=""text-align: right;"">Stretchy fabric, slip on style</span></li> <li><span style=""text-align: right;"">Wide band straps for that ultra flattering fit</span></li> <li><span style=""text-align: right;"">Pair with our matching wide band bikini bottoms</span></li> </ul> <p><span>If in-between sizes we recommend to size up as this item is small fitting.</span></p> <p>Model is 5’6 and wears a size 6</p>","Koko Bay","Top","Apparel & Accessories > Clothing > Swimwear > Swimwear Tops","TRUE","Size","4","Color","Black","WIDE-BAND-BIK-BLK-4-1","22.00","shopify","deny","manual","0","1010","https://cdn.shopify.com/s/files/1/0064/3828/9461/files/29B0EC7B-FA3C-4390-AFF1-58DBD8FB4717.jpg?v=1754696381","https://cdn.shopify.com/s/files/1/0064/3828/9461/files/29B0EC7B-FA3C-4390-AFF1-58DBD8FB4717.jpg?v=1754696381","Top","","","","",""
"the-wide-band-bikini-top-black","","","","","","","Size","6","Color","Black","WIDE-BAND-BIK-BLK-6-1","22.00","shopify","deny","manual","0","1010","https://cdn.shopify.com/s/files/1/0064/3828/9461/files/29B0EC7B-FA3C-4390-AFF1-58DBD8FB4717.jpg?v=1754696381","","Top","","","","",""
"the-wide-band-bikini-top-black","","","","","","","Size","8","Color","Black","WIDE-BAND-BIK-BLK-8-1","22.00","shopify","deny","manual","0","1010","https://cdn.shopify.com/s/files/1/0064/3828/9461/files/29B0EC7B-FA3C-4390-AFF1-58DBD8FB4717.jpg?v=1754696381","","Top","","","","",""
"the-wide-band-bikini-top-black","","","","","","","Size","10","Color","Black","WIDE-BAND-BIK-BLK-10-1","22.00","shopify","deny","manual","0","1010","https://cdn.shopify.com/s/files/1/0064/3828/9461/files/29B0EC7B-FA3C-4390-AFF1-58DBD8FB4717.jpg?v=1754696381","","Top","","","","",""
"the-wide-band-bikini-top-black","","","","","","","Size","12","Color","Black","WIDE-BAND-BIK-BLK-12-1","22.00","shopify","deny","manual","0","1010","https://cdn.shopify.com/s/files/1/0064/3828/9461/files/29B0EC7B-FA3C-4390-AFF1-58DBD8FB4717.jpg?v=1754696381","","Top","","","","",""
"the-wide-band-bikini-top-black","","","","","","","Size","14","Color","Black","WIDE-BAND-BIK-BLK-14-1","22.00","shopify","deny","manual","1","1010","https://cdn.shopify.com/s/files/1/0064/3828/9461/files/29B0EC7B-FA3C-4390-AFF1-58DBD8FB4717.jpg?v=1754696381","","Top","","","","",""
"the-wide-band-bikini-top-black","","","","","","","Size","16","Color","Black","WIDE-BAND-BIK-BLK-16-1","22.00","shopify","deny","manual","4","1010","https://cdn.shopify.com/s/files/1/0064/3828/9461/files/29B0EC7B-FA3C-4390-AFF1-58DBD8FB4717.jpg?v=1754696381","","Top","","","","",""
"the-wide-band-bikini-top-black","","","","","","","","","","","","","","","","","","","https://cdn.shopify.com/s/files/1/0064/3828/9461/files/4935277E-F3D5-439B-9066-FD3B2DBEBD72.jpg?v=1754696403","","","","","",""
"the-wide-band-bikini-top-black","","","","","","","","","","","","","","","","","","","https://cdn.shopify.com/s/files/1/0064/3828/9461/files/B57D4B29-B1CF-43A8-88CB-4CDAEBBF4057.jpg?v=1754696423","","","","","",""
"the-wide-band-bikini-top-black","","","","","","","","","","","","","","","","","","","https://cdn.shopify.com/s/files/1/0064/3828/9461/files/E7E513D1-DE44-40BB-B710-A273AAABF0E1.jpg?v=1754696443","","","","","",""
"the-wide-band-bikini-top-black","","","","","","","","","","","","","","","","","","","https://cdn.shopify.com/s/files/1/0064/3828/9461/files/0331037A-B789-4E6D-B04B-96486B4913E0.jpg?v=1754696465","","","","","",""
"the-wide-band-bikini-top-blue-paisley","The wide band bikini top","<p>The bikini of the season. Turn heads this summer in our wide band bikini set - the ultimate flattering fit. Featuring double layered fabric in a stylish wide band cut designed to sit on your hips at the perfect height, this is the staple swim you’ll be reaching for again and again.</p> <ul> <li>Thick double layered quality lycra</li> <li><span style=""text-align: right;"">Stretchy fabric, slip on style</span></li> <li><span style=""text-align: right;"">Bow style design, ruched strap detail</span></li> <li><span style=""text-align: right;"">Wide band straps for that ultra flattering fit</span></li> <li><span style=""text-align: right;"">Pair with our matching wide band bikini bottoms</span></li> <li><span style=""text-align: right;"">Please take care as colour may transfer</span></li> </ul> <meta charset=""UTF-8""> <p><span style=""text-decoration: underline;""><strong><br>Model measurements:</strong></span></p> <p>Holly is 5’5 and wears a size 4<br>Bust: 32A<br>Waist: 23’’<br>Hips: 34’’<br>Dress size: 4-6</p>","Koko Bay","Top","Apparel & Accessories > Clothing > Swimwear > Swimwear Tops","TRUE","Size","4","Color","Paisley","WIDE-BAND-BIK-PAI-4-1","24.00","shopify","deny","manual","0","1010","https://cdn.shopify.com/s/files/1/0064/3828/9461/files/46B1B395-A652-465D-9C1C-A38C688D3AE7.jpg?v=1754703987","https://cdn.shopify.com/s/files/1/0064/3828/9461/files/46B1B395-A652-465D-9C1C-A38C688D3AE7.jpg?v=1754703987","Top","","","","",""
"the-wide-band-bikini-top-blue-paisley","","","","","","","Size","6","Color","Paisley","WIDE-BAND-BIK-PAI-6-1","24.00","shopify","deny","manual","0","1010","https://cdn.shopify.com/s/files/1/0064/3828/9461/files/46B1B395-A652-465D-9C1C-A38C688D3AE7.jpg?v=1754703987","","Top","","","","",""
"the-wide-band-bikini-top-blue-paisley","","","","","","","Size","8","Color","Paisley","WIDE-BAND-BIK-PAI-8-1","24.00","shopify","deny","manual","0","1010","https://cdn.shopify.com/s/files/1/0064/3828/9461/files/46B1B395-A652-465D-9C1C-A38C688D3AE7.jpg?v=1754703987","","Top","","","","",""
"the-wide-band-bikini-top-blue-paisley","","","","","","","Size","10","Color","Paisley","WIDE-BAND-BIK-PAI-10-1","24.00","shopify","deny","manual","0","1010","https://cdn.shopify.com/s/files/1/0064/3828/9461/files/46B1B395-A652-465D-9C1C-A38C688D3AE7.jpg?v=1754703987","","Top","","","","",""
"the-wide-band-bikini-top-blue-paisley","","","","","","","Size","12","Color","Paisley","WIDE-BAND-BIK-PAI-12-1","24.00","shopify","deny","manual","2","1010","https://cdn.shopify.com/s/files/1/0064/3828/9461/files/46B1B395-A652-465D-9C1C-A38C688D3AE7.jpg?v=1754703987","","Top","","","","",""
"the-wide-band-bikini-top-blue-paisley","","","","","","","Size","14","Color","Paisley","WIDE-BAND-BIK-PAI-14-1","24.00","shopify","deny","manual","0","1010","https://cdn.shopify.com/s/files/1/0064/3828/9461/files/46B1B395-A652-465D-9C1C-A38C688D3AE7.jpg?v=1754703987","","Top","","","","",""
"the-wide-band-bikini-top-blue-paisley","","","","","","","Size","16","Color","Paisley","WIDE-BAND-BIK-PAI-16-1","24.00","shopify","deny","manual","0","1010","https://cdn.shopify.com/s/files/1/0064/3828/9461/files/46B1B395-A652-465D-9C1C-A38C688D3AE7.jpg?v=1754703987","","Top","","","","",""
"the-wide-band-bikini-top-blue-paisley","","","","","","","","","","","","","","","","","","","https://cdn.shopify.com/s/files/1/0064/3828/9461/files/ED09133C-1D12-452F-A12D-BFB39B3244F6.jpg?v=1754704010","","","","","",""
"the-wide-band-bikini-top-blue-paisley","","","","","","","","","","","","","","","","","","","https://cdn.shopify.com/s/files/1/0064/3828/9461/files/F2F2EE19-70D7-49CE-9F67-B20B554AB0C6.jpg?v=1754704034","","","","","",""
"the-wide-band-bikini-top-blue-paisley","","","","","","","","","","","","","","","","","","","https://cdn.shopify.com/s/files/1/0064/3828/9461/files/E9F32934-2362-4AB1-98CB-502128DA7152.jpg?v=1754704058","","","","","",""
"the-wide-band-bikini-top-floral","The wide band bikini top","<p>The bikini of the season. Turn heads this summer in our wide band bikini set - the ultimate flattering fit. Featuring double layered fabric in a stylish wide band cut designed to sit on your hips at the perfect height, this is the staple swim you’ll be reaching for again and again.</p> <ul> <li>Thick double layered quality lycra</li> <li><span style=""text-align: right;"">Stretchy fabric, slip on style</span></li> <li><span style=""text-align: right;"">Bow style design, ruched strap detail</span></li> <li><span style=""text-align: right;"">Wide band straps for that ultra flattering fit</span></li> <li><span style=""text-align: right;"">Pair with our matching wide band bikini bottoms</span></li> <li><span style=""text-align: right;"">Please take care as colour may transfer</span></li> </ul> <meta charset=""UTF-8""> <p><span style=""text-decoration: underline;""><strong><br>Model measurements:</strong></span></p> <p>Holly is 5’5 and wears a size 4<br>Bust: 32A<br>Waist: 23’’<br>Hips: 34’’<br>Dress size: 4-6</p>","Koko Bay","Top","Apparel & Accessories > Clothing > Swimwear > Swimwear Tops","TRUE","Size","4","Color","Floral","WIDE-BAND-BIK-FLO-4-1","24.00","shopify","deny","manual","5","1010","https://cdn.shopify.com/s/files/1/0064/3828/9461/files/72FF25EF-5B48-433E-8129-37446EBDD9C0.jpg?v=1754704162","https://cdn.shopify.com/s/files/1/0064/3828/9461/files/72FF25EF-5B48-433E-8129-37446EBDD9C0.jpg?v=1754704162","Top","","","","",""
"the-wide-band-bikini-top-floral","","","","","","","Size","6","Color","Floral","WIDE-BAND-BIK-FLO-6-1","24.00","shopify","deny","manual","25","1010","https://cdn.shopify.com/s/files/1/0064/3828/9461/files/72FF25EF-5B48-433E-8129-37446EBDD9C0.jpg?v=1754704162","","Top","","","","",""
"the-wide-band-bikini-top-floral","","","","","","","Size","8","Color","Floral","WIDE-BAND-BIK-FLO-8-1","24.00","shopify","deny","manual","0","1010","https://cdn.shopify.com/s/files/1/0064/3828/9461/files/72FF25EF-5B48-433E-8129-37446EBDD9C0.jpg?v=1754704162","","Top","","","","",""
"the-wide-band-bikini-top-floral","","","","","","","Size","10","Color","Floral","WIDE-BAND-BIK-FLO-10-1","24.00","shopify","deny","manual","11","1010","https://cdn.shopify.com/s/files/1/0064/3828/9461/files/72FF25EF-5B48-433E-8129-37446EBDD9C0.jpg?v=1754704162","","Top","","","","",""
"the-wide-band-bikini-top-floral","","","","","","","Size","12","Color","Floral","WIDE-BAND-BIK-FLO-12-1","24.00","shopify","deny","manual","1","1010","https://cdn.shopify.com/s/files/1/0064/3828/9461/files/72FF25EF-5B48-433E-8129-37446EBDD9C0.jpg?v=1754704162","","Top","","","","",""
"the-wide-band-bikini-top-floral","","","","","","","Size","14","Color","Floral","WIDE-BAND-BIK-FLO-14-1","24.00","shopify","deny","manual","3","1010","https://cdn.shopify.com/s/files/1/0064/3828/9461/files/72FF25EF-5B48-433E-8129-37446EBDD9C0.jpg?v=1754704162","","Top","","","","",""
"the-wide-band-bikini-top-floral","","","","","","","Size","16","Color","Floral","WIDE-BAND-BIK-FLO-16-1","24.00","shopify","deny","manual","0","1010","https://cdn.shopify.com/s/files/1/0064/3828/9461/files/72FF25EF-5B48-433E-8129-37446EBDD9C0.jpg?v=1754704162","","Top","","","","",""
"the-wide-band-bikini-top-floral","","","","","","","","","","","","","","","","","","","https://cdn.shopify.com/s/files/1/0064/3828/9461/files/09A109AA-3004-4B36-A904-6BA0769FB9C8.jpg?v=1754704186","","","","","",""
"the-wide-band-bikini-top-floral","","","","","","","","","","","","","","","","","","","https://cdn.shopify.com/s/files/1/0064/3828/9461/files/313B0E25-334B-425C-93EA-02D9F53F23B9.jpg?v=1754704209","","","","","",""
"the-wide-band-bikini-top-floral","","","","","","","","","","","","","","","","","","","https://cdn.shopify.com/s/files/1/0064/3828/9461/files/7AFF1CE5-1F0A-40EF-9AB2-1989D4293E31.jpg?v=1754704231","","","","","",""
"the-wide-band-bikini-bottoms-powder-blue","The wide band bikini bottoms","<p>Meet Soleil, a collection of core pieces that will be a staple to your wardrobe that you can rewear and restyle all season. Drawing inspiration from the amalfi coast and summer days spent under the sun… she’s limited to make sure you’re one of a kind.</p> <p> </p> <ul> <li>Thick double layered quality lycra</li> <li><span style=""text-align: right;"">Stretchy fabric, slip on style</span></li> <li><span style=""text-align: right;"">Wide band straps for that ultra flattering fit</span></li> <li> <span style=""text-align: right;"">Pair with our matching wide band bikini top</span><br> </li> </ul> <p><span style=""text-decoration: underline;""><strong>Model measurements:</strong></span></p> <p>Holly is 5’5 and wears a size 4<br>Bust: 32A<br>Waist: 23’’<br>Hips: 34’’<br>Dress size: 4-6</p>","Koko Bay","Bottom","Apparel & Accessories > Clothing > Swimwear > Swim Briefs","TRUE","Size","4","Color","Blue","WIDE-BAND-BIK-BLU-4","20.00","shopify","deny","manual","4","1010","https://cdn.shopify.com/s/files/1/0064/3828/9461/files/51040C51-48C0-49BA-851F-61CE1A3B8B5E.jpg?v=1754705594","https://cdn.shopify.com/s/files/1/0064/3828/9461/files/51040C51-48C0-49BA-851F-61CE1A3B8B5E.jpg?v=1754705594","Bottom","","","","",""
"the-wide-band-bikini-bottoms-powder-blue","","","","","","","Size","6","Color","Blue","WIDE-BAND-BIK-BLU-6","20.00","shopify","deny","manual","0","1010","https://cdn.shopify.com/s/files/1/0064/3828/9461/files/51040C51-48C0-49BA-851F-61CE1A3B8B5E.jpg?v=1754705594","","Bottom","","","","",""
"the-wide-band-bikini-bottoms-powder-blue","","","","","","","Size","8","Color","Blue","WIDE-BAND-BIK-BLU-8","20.00","shopify","deny","manual","0","1010","https://cdn.shopify.com/s/files/1/0064/3828/9461/files/51040C51-48C0-49BA-851F-61CE1A3B8B5E.jpg?v=1754705594","","Bottom","","","","",""
"the-wide-band-bikini-bottoms-powder-blue","","","","","","","Size","10","Color","Blue","WIDE-BAND-BIK-BLU-10","20.00","shopify","deny","manual","0","1010","https://cdn.shopify.com/s/files/1/0064/3828/9461/files/51040C51-48C0-49BA-851F-61CE1A3B8B5E.jpg?v=1754705594","","Bottom","","","","",""
"the-wide-band-bikini-bottoms-powder-blue","","","","","","","Size","12","Color","Blue","WIDE-BAND-BIK-BLU-12","20.00","shopify","deny","manual","0","1010","https://cdn.shopify.com/s/files/1/0064/3828/9461/files/51040C51-48C0-49BA-851F-61CE1A3B8B5E.jpg?v=1754705594","","Bottom","","","","",""
"the-wide-band-bikini-bottoms-powder-blue","","","","","","","Size","14","Color","Blue","WIDE-BAND-BIK-BLU-14","20.00","shopify","deny","manual","0","1010","https://cdn.shopify.com/s/files/1/0064/3828/9461/files/51040C51-48C0-49BA-851F-61CE1A3B8B5E.jpg?v=1754705594","","Bottom","","","","",""
"the-wide-band-bikini-bottoms-powder-blue","","","","","","","Size","16","Color","Blue","WIDE-BAND-BIK-BLU-16","20.00","shopify","deny","manual","7","1010","https://cdn.shopify.com/s/files/1/0064/3828/9461/files/51040C51-48C0-49BA-851F-61CE1A3B8B5E.jpg?v=1754705594","","Bottom","","","","",""
"the-wide-band-bikini-bottoms-powder-blue","","","","","","","","","","","","","","","","","","","https://cdn.shopify.com/s/files/1/0064/3828/9461/files/B7887F7B-60BF-4CEA-8823-6D921FE236B1.jpg?v=1754705616","","","","","",""
"the-wide-band-bikini-bottoms-powder-blue","","","","","","","","","","","","","","","","","","","https://cdn.shopify.com/s/files/1/0064/3828/9461/files/A4EE27B4-DF5E-436A-90CF-673AC902E82A.jpg?v=1754705635","","","","","",""
"the-wide-band-bikini-bottoms-powder-blue","","","","","","","","","","","","","","","","","","","https://cdn.shopify.com/s/files/1/0064/3828/9461/files/F9A0B138-BAF4-4464-9EA1-9989C97FF5AE.jpg?v=1754705659","","","","","",""
"the-wide-band-bikini-top-powder-blue","The wide band bikini top","<p>Meet Soleil, a collection of core pieces that will be a staple to your wardrobe that you can rewear and restyle all season. Drawing inspiration from the amalfi coast and summer days spent under the sun… she’s limited to make sure you’re one of a kind.</p> <p> </p> <ul> <li>Thick double layered quality lycra</li> <li><span style=""text-align: right;"">Stretchy fabric, slip on style</span></li> <li><span style=""text-align: right;"">Bow style design, ruched strap detail</span></li> <li><span style=""text-align: right;"">Wide band straps for that ultra flattering fit</span></li> <li><span style=""text-align: right;"">Pair with our matching wide band bikini bottoms</span></li> </ul> <p> </p> <p><span style=""text-decoration: underline;""><strong><br>Model measurements:</strong></span></p> <p>Holly is 5’5 and wears a size 4<br>Bust: 32A<br>Waist: 23’’<br>Hips: 34’’<br>Dress size: 4-6</p>","Koko Bay","Top","Apparel & Accessories > Clothing > Swimwear > Swimwear Tops","TRUE","Size","4","Color","Blue","WIDE-BAND-BIK-BLU-4-1","22.00","shopify","deny","manual","18","1010","https://cdn.shopify.com/s/files/1/0064/3828/9461/files/CCECC4CE-3E9E-4603-9B36-2CFD93762D39.jpg?v=1754705679","https://cdn.shopify.com/s/files/1/0064/3828/9461/files/CCECC4CE-3E9E-4603-9B36-2CFD93762D39.jpg?v=1754705679","Top","","","","",""
"the-wide-band-bikini-top-powder-blue","","","","","","","Size","6","Color","Blue","WIDE-BAND-BIK-BLU-6-1","22.00","shopify","deny","manual","0","1010","https://cdn.shopify.com/s/files/1/0064/3828/9461/files/CCECC4CE-3E9E-4603-9B36-2CFD93762D39.jpg?v=1754705679","","Top","","","","",""
"the-wide-band-bikini-top-powder-blue","","","","","","","Size","8","Color","Blue","WIDE-BAND-BIK-BLU-8-1","22.00","shopify","deny","manual","0","1010","https://cdn.shopify.com/s/files/1/0064/3828/9461/files/CCECC4CE-3E9E-4603-9B36-2CFD93762D39.jpg?v=1754705679","","Top","","","","",""
"the-wide-band-bikini-top-powder-blue","","","","","","","Size","10","Color","Blue","WIDE-BAND-BIK-BLU-10-1","22.00","shopify","deny","manual","0","1010","https://cdn.shopify.com/s/files/1/0064/3828/9461/files/CCECC4CE-3E9E-4603-9B36-2CFD93762D39.jpg?v=1754705679","","Top","","","","",""
"the-wide-band-bikini-top-powder-blue","","","","","","","Size","12","Color","Blue","WIDE-BAND-BIK-BLU-12-1","22.00","shopify","deny","manual","0","1010","https://cdn.shopify.com/s/files/1/0064/3828/9461/files/CCECC4CE-3E9E-4603-9B36-2CFD93762D39.jpg?v=1754705679","","Top","","","","",""
"the-wide-band-bikini-top-powder-blue","","","","","","","Size","14","Color","Blue","WIDE-BAND-BIK-BLU-14-1","22.00","shopify","deny","manual","1","1010","https://cdn.shopify.com/s/files/1/0064/3828/9461/files/CCECC4CE-3E9E-4603-9B36-2CFD93762D39.jpg?v=1754705679","","Top","","","","",""
"the-wide-band-bikini-top-powder-blue","","","","","","","Size","16","Color","Blue","WIDE-BAND-BIK-BLU-16-1","22.00","shopify","deny","manual","8","1010","https://cdn.shopify.com/s/files/1/0064/3828/9461/files/CCECC4CE-3E9E-4603-9B36-2CFD93762D39.jpg?v=1754705679","","Top","","","","",""
"the-wide-band-bikini-top-powder-blue","","","","","","","","","","","","","","","","","","","https://cdn.shopify.com/s/files/1/0064/3828/9461/files/CC9FC820-50CB-4011-BF85-027466525155.jpg?v=1754705701","","","","","",""
"the-wide-band-bikini-top-powder-blue","","","","","","","","","","","","","","","","","","","https://cdn.shopify.com/s/files/1/0064/3828/9461/files/899A84DE-F7BD-4BBB-8B34-750F9B4EBE75.jpg?v=1754705721","","","","","",""
"the-wide-band-bikini-top-powder-blue","","","","","","","","","","","","","","","","","","","https://cdn.shopify.com/s/files/1/0064/3828/9461/files/2E352D0E-0573-40F3-897C-8AFBB08BD2A0.jpg?v=1754705743","","","","","",""
"the-wide-band-bikini-bottoms-sage","The wide band bikini bottoms","<p><span>Meet Soleil, a collection of core pieces that will be a staple to your wardrobe that you can rewear and restyle all season. Drawing inspiration from the amalfi coast and summer days spent under the sun… she’s limited to make sure you’re one of a kind.</span></p> <ul> <li>Thick double layered quality lycra</li> <li><span style=""text-align: right;"">Stretchy fabric, slip on style</span></li> <li><span style=""text-align: right;"">Wide band straps for that ultra flattering fit</span></li> <li><span style=""text-align: right;"">Pair with our matching starfish bikini top</span></li> </ul> <p><span style=""text-decoration: underline;""><strong>Model measurements:</strong></span></p> <p>Holly is 5’5 and wears a size 4<br>Bust: 32A<br>Waist: 23’’<br>Hips: 34’’<br>Dress size: 4-6</p>","Koko Bay","Bottom","Apparel & Accessories > Clothing > Swimwear > Swim Briefs","TRUE","Size","4","Color","Sage","WIDE-BAND-BIK-SAG-4","22.00","shopify","deny","manual","23","1010","https://cdn.shopify.com/s/files/1/0064/3828/9461/files/3C60E371-5697-43E8-9892-6CF1746CCFAE.jpg?v=1754706927","https://cdn.shopify.com/s/files/1/0064/3828/9461/files/3C60E371-5697-43E8-9892-6CF1746CCFAE.jpg?v=1754706927","Bottom","","","","",""
"the-wide-band-bikini-bottoms-sage","","","","","","","Size","6","Color","Sage","WIDE-BAND-BIK-SAG-6","22.00","shopify","deny","manual","13","1010","https://cdn.shopify.com/s/files/1/0064/3828/9461/files/3C60E371-5697-43E8-9892-6CF1746CCFAE.jpg?v=1754706927","","Bottom","","","","",""
"the-wide-band-bikini-bottoms-sage","","","","","","","Size","8","Color","Sage","WIDE-BAND-BIK-SAG-8","22.00","shopify","deny","manual","10","1010","https://cdn.shopify.com/s/files/1/0064/3828/9461/files/3C60E371-5697-43E8-9892-6CF1746CCFAE.jpg?v=1754706927","","Bottom","","","","",""
"the-wide-band-bikini-bottoms-sage","","","","","","","Size","10","Color","Sage","WIDE-BAND-BIK-SAG-10","22.00","shopify","deny","manual","13","1010","https://cdn.shopify.com/s/files/1/0064/3828/9461/files/3C60E371-5697-43E8-9892-6CF1746CCFAE.jpg?v=1754706927","","Bottom","","","","",""
"the-wide-band-bikini-bottoms-sage","","","","","","","Size","12","Color","Sage","WIDE-BAND-BIK-SAG-12","22.00","shopify","deny","manual","2","1010","https://cdn.shopify.com/s/files/1/0064/3828/9461/files/3C60E371-5697-43E8-9892-6CF1746CCFAE.jpg?v=1754706927","","Bottom","","","","",""
"the-wide-band-bikini-bottoms-sage","","","","","","","Size","14","Color","Sage","WIDE-BAND-BIK-SAG-14","22.00","shopify","deny","manual","10","1010","https://cdn.shopify.com/s/files/1/0064/3828/9461/files/3C60E371-5697-43E8-9892-6CF1746CCFAE.jpg?v=1754706927","","Bottom","","","","",""
"the-wide-band-bikini-bottoms-sage","","","","","","","Size","16","Color","Sage","WIDE-BAND-BIK-SAG-16","22.00","shopify","deny","manual","3","1010","https://cdn.shopify.com/s/files/1/0064/3828/9461/files/3C60E371-5697-43E8-9892-6CF1746CCFAE.jpg?v=1754706927","","Bottom","","","","",""
"the-wide-band-bikini-bottoms-sage","","","","","","","","","","","","","","","","","","","https://cdn.shopify.com/s/files/1/0064/3828/9461/files/6D66A83D-4EC9-4F15-A13E-8C3BC60040B5.jpg?v=1754706948","","","","","",""
"the-wide-band-bikini-bottoms-sage","","","","","","","","","","","","","","","","","","","https://cdn.shopify.com/s/files/1/0064/3828/9461/files/09143A5D-99B8-4695-8A8C-18712D1763EF.jpg?v=1754706906","","","","","",""
"the-wide-band-bikini-bottoms-sage","","","","","","","","","","","","","","","","","","","https://cdn.shopify.com/s/files/1/0064/3828/9461/files/D6C37892-6818-495F-BAEF-FD3D0D3837B6.jpg?v=1754706886","","","","","",""
"the-wide-band-bikini-bottoms-sage","","","","","","","","","","","","","","","","","","","https://cdn.shopify.com/s/files/1/0064/3828/9461/files/7D98F43B-8D76-493F-8708-78339C3D952C.jpg?v=1754706991","","","","","",""
"the-wide-band-bikini-bottoms-sage","","","","","","","","","","","","","","","","","","","https://cdn.shopify.com/s/files/1/0064/3828/9461/files/B5C68185-9C82-4FB9-9644-6B4C84DE09BB.jpg?v=1754706865","","","","","",""
"the-wide-band-bikini-top-pink","The wide band bikini top","<p>The bikini of the season. Turn heads this summer in our wide band bikini set - the ultimate flattering fit. Featuring double layered fabric in a stylish wide band cut designed to sit on your hips at the perfect height, this is the staple swim you’ll be reaching for again and again.</p> <ul> <li>Thick double layered quality lycra</li> <li><span style=""text-align: right;"">Stretchy fabric, slip on style</span></li> <li><span style=""text-align: right;"">Wide band straps for that ultra flattering fit</span></li> <li><span style=""text-align: right;"">Pair with our matching wide band bikini bottoms</span></li> </ul> <p><span>If in-between sizes we recommend to size up as this item is small fitting.</span></p> <p class=""p1""><span class=""s1""><span style=""text-decoration: underline;""><strong>Model measurements</strong></span>:</span></p> <p class=""p1""><span class=""s2"">Emily is 5’7 and wears a size 6<br>Bust: 32''<br>Waist: 24’’<br>Hips: 34’’<br>Dress size: 6</span></p>","Koko Bay","Top","Apparel & Accessories > Clothing > Swimwear > Swimwear Tops","TRUE","Size","4","Color","Pink","WIDE-BAND-BIK-PNK-4","22.00","shopify","deny","manual","26","1010","https://cdn.shopify.com/s/files/1/0064/3828/9461/files/305EA89E-B9B3-49B3-B784-D3492C0D919D.jpg?v=1757346301","https://cdn.shopify.com/s/files/1/0064/3828/9461/files/305EA89E-B9B3-49B3-B784-D3492C0D919D.jpg?v=1757346301","Top","","","","",""
"the-wide-band-bikini-top-pink","","","","","","","Size","6","Color","Pink","WIDE-BAND-BIK-PNK-6","22.00","shopify","deny","manual","22","1010","https://cdn.shopify.com/s/files/1/0064/3828/9461/files/305EA89E-B9B3-49B3-B784-D3492C0D919D.jpg?v=1757346301","","Top","","","","",""
"the-wide-band-bikini-top-pink","","","","","","","Size","8","Color","Pink","WIDE-BAND-BIK-PNK-8","22.00","shopify","deny","manual","18","1010","https://cdn.shopify.com/s/files/1/0064/3828/9461/files/305EA89E-B9B3-49B3-B784-D3492C0D919D.jpg?v=1757346301","","Top","","","","",""
"the-wide-band-bikini-top-pink","","","","","","","Size","10","Color","Pink","WIDE-BAND-BIK-PNK-10","22.00","shopify","deny","manual","22","1010","https://cdn.shopify.com/s/files/1/0064/3828/9461/files/305EA89E-B9B3-49B3-B784-D3492C0D919D.jpg?v=1757346301","","Top","","","","",""
"the-wide-band-bikini-top-pink","","","","","","","Size","12","Color","Pink","WIDE-BAND-BIK-PNK-12","22.00","shopify","deny","manual","3","1010","https://cdn.shopify.com/s/files/1/0064/3828/9461/files/305EA89E-B9B3-49B3-B784-D3492C0D919D.jpg?v=1757346301","","Top","","","","",""
"the-wide-band-bikini-top-pink","","","","","","","Size","14","Color","Pink","WIDE-BAND-BIK-PNK-14","22.00","shopify","deny","manual","0","1010","https://cdn.shopify.com/s/files/1/0064/3828/9461/files/305EA89E-B9B3-49B3-B784-D3492C0D919D.jpg?v=1757346301","","Top","","","","",""
"the-wide-band-bikini-top-pink","","","","","","","Size","16","Color","Pink","WIDE-BAND-BIK-PNK-16","22.00","shopify","deny","manual","2","1010","https://cdn.shopify.com/s/files/1/0064/3828/9461/files/305EA89E-B9B3-49B3-B784-D3492C0D919D.jpg?v=1757346301","","Top","","","","",""
"the-wide-band-bikini-top-pink","","","","","","","","","","","","","","","","","","","https://cdn.shopify.com/s/files/1/0064/3828/9461/files/B18067A4-F35E-401C-8D9E-57570D2D52BC.jpg?v=1757346299","","","","","",""
"the-wide-band-bikini-top-pink","","","","","","","","","","","","","","","","","","","https://cdn.shopify.com/s/files/1/0064/3828/9461/files/B1DC97D8-6443-4B76-ADE3-F41D40BF4B2E.jpg?v=1757346302","","","","","",""
"the-wide-band-bikini-top-pink","","","","","","","","","","","","","","","","","","","https://cdn.shopify.com/s/files/1/0064/3828/9461/files/852128FE-7E9B-41C2-A50D-901D4FC98606.jpg?v=1757346302","","","","","",""